Questao,_SEM_FILTRO,_Familiar_Sim,_Familiar_Nao,_Fem,_Masc,_Idade_Menor_30,_Idade_Maior_30,_Escolaridade_EMI_EMC_SI,_Escolaridade_SC_PGC
Q1,0.0821917808219178,0.125,0.030303030303030304,0.07692307692307693,0.08823529411764706,0.08163265306122448,0.08333333333333333,0.08333333333333333,0.08108108108108109
Q2,0.4383561643835616,0.5,0.36363636363636365,0.48717948717948717,0.38235294117647056,0.5510204081632653,0.20833333333333334,0.5555555555555556,0.32432432432432434
Q3,0.6575342465753424,0.8,0.48484848484848486,0.717948717948718,0.5882352941176471,0.7551020408163265,0.4583333333333333,0.6944444444444444,0.6216216216216216
Q4,0.1643835616438356,0.125,0.21212121212121213,0.1794871794871795,0.14705882352941177,0.22448979591836735,0.041666666666666664,0.19444444444444445,0.13513513513513514
Q5,0.6027397260273972,0.7,0.48484848484848486,0.5897435897435898,0.6176470588235294,0.673469387755102,0.4583333333333333,0.7222222222222222,0.4864864864864865
Q6,0.3150684931506849,0.35,0.2727272727272727,0.38461538461538464,0.23529411764705882,0.3469387755102041,0.25,0.3333333333333333,0.2972972972972973
